-- Thêm dữ liệu vào tLoaiPhong ( Nữ - 0 | Nam - 1 )
INSERT INTO tLoaiPhong (MaLoaiPhong, TenLoaiPhong, Nam_Nu, SoNguoi)
VALUES  ('LP40', N'Phòng 4 người Nữ', 0, 4),
		('LP41', N'Phòng 4 người Nam', 1, 4),
		('LP60', N'Phòng 6 người Nữ', 0, 6),
		('LP61', N'Phòng 6 người Nam', 1, 6),
		('LP80', N'Phòng 8 người Nữ', 0, 8),
		('LP81', N'Phòng 8 người Nam', 1, 8);

-- Thêm dữ liệu vào tPhong
INSERT INTO tPhong (MaPhong, TenPhong, MaLoaiPhong)
VALUES  ('A1P01', N'P101', 'LP40'),
		('A1P02', N'P102', 'LP40'),
		('A1P03', N'P103', 'LP40'),
		('A1P04', N'P104', 'LP40'),
		('A1P05', N'P105', 'LP40'),

		('A2P01', N'P101', 'LP80'),
		('A2P02', N'P102', 'LP80'),
		('A2P03', N'P103', 'LP80'),
		('A2P04', N'P104', 'LP80'),
		('A2P05', N'P105', 'LP80'),
		('A2P06', N'P201', 'LP81'),
		('A2P07', N'P202', 'LP81'),
		('A2P08', N'P203', 'LP81'),
		('A2P09', N'P204', 'LP81'),
		('A2P10', N'P205', 'LP81'),
		('A2P11', N'P301', 'LP81'),
		('A2P12', N'P302', 'LP81'),
		('A2P13', N'P303', 'LP81'),
		('A2P14', N'P304', 'LP81'),
		('A2P15', N'P305', 'LP81'),

		('A3P01', N'P101', 'LP60'),
		('A3P02', N'P102', 'LP60'),
		('A3P03', N'P103', 'LP60'),
		('A3P04', N'P104', 'LP60'),
		('A3P05', N'P105', 'LP60'),
		('A3P06', N'P106', 'LP60'),
		('A3P07', N'P201', 'LP61'),
		('A3P08', N'P202', 'LP61'),
		('A3P09', N'P203', 'LP61'),
		('A3P10', N'P204', 'LP61'),
		('A3P11', N'P205', 'LP61'),
		('A3P12', N'P206', 'LP61'),

		('A4P31', N'P101', 'LP41'),
		('A4P32', N'P102', 'LP41'),
		('A4P33', N'P103', 'LP41'),
		('A4P34', N'P104', 'LP41'),
		('A4P35', N'P201', 'LP41'),
		('A4P36', N'P202', 'LP41'),
		('A4P37', N'P203', 'LP41'),
		('A4P38', N'P204', 'LP41');

INSERT INTO tSinhVien (MaSV, HoTen, NgaySinh, GioiTinh, SDT)
VALUES  ('213617746', N'Hồ Ngọc Long', '2003-10-13', '1', '0821706513'), //
		('200495873', N'Trần Ngọc Nhi', '2002-03-05', '0', '0842167369'), //
		('210288220', N'Đặng Trúc Nhi', '2003-01-10', '0', '0381124823'), //
		('241524808', N'Trần Thanh An', '2005-02-27', '0', '0391420880'), //
		('231585864', N'Bùi Đức Nhân', '2005-01-21', '1', '0831809961'),
		('212691549', N'Trần Hữu Nguyên', '2003-04-04', '1', '0337711720'),
		('240562749', N'Phạm Thu Trang', '2006-01-11', '0', '0857148170'), //
		('202769839', N'Phạm Gia Nhi', '2002-12-01', '0', '0896382225'), //
		('201213357', N'Bùi Xuân An', '2003-12-12', '1', '0522714931'),
		('242893776', N'Bùi Thiện Nhân', '2006-08-13', '1', '0923882648'),
		('221310295', N'Bùi Đức Anh', '2004-08-25', '1', '0992785726'),
		('240529329', N'Vũ Thanh Hương', '2006-04-16', '0', '0704800351'), //
		('231795929', N'Bùi Gia Nguyên', '2005-08-04', '1', '0915199712'),
		('222137041', N'Vũ Hữu Nam', '2004-04-01', '1', '0774384893'),
		('200668693', N'Trần Thủ Độ', '2002-10-09', '1', '0932133314'),
		('220657493', N'Đỗ Quốc Quân', '2004-03-06', '1', '0351359509'),
		('230870261', N'Vũ Bất Bình', '2005-11-18', '1', '0972936189'), //
		('233212163', N'Hồ Đắc Di', '2005-05-13', '1', '0709110148'),
		('210960204', N'Đặng Thu Hà', '2003-04-10', '0', '0983848525'), //
		('240471125', N'Đặng Đức Bình', '2006-01-18', '1', '0767742127'), //
		('201595197', N'Lê Ngọc Linh', '2000-10-09', '0', '0982491054'), //
		('201318197', N'Hồ Thanh Ân', '2002-10-15', '0', '0325080722'), //
		('241765996', N'Giàng Thị Mai', '2006-07-20', '0', '0388643901'), //
		('203581209', N'Tô Lâm', '2002-03-06', '1', '0331356271'),
		('203122436', N'Phạm Xuân Long', '2002-12-02', '1', '0864201306'),
		('202427521', N'Đỗ Xuân Hà', '2001-04-24', '1', '0796538687'), //
		('242281241', N'Đặng Đức Tâm', '2006-06-06', '1', '0918411284'),
		('240846478', N'Nguyễn Hữu Duyên', '2006-09-01', '0', '0875306860'), //
		('241162019', N'Vũ Kim Chi', '2006-07-20', '0', '0896828580'), //
		('232978721', N'Phạm Thiên Sơn', '2005-02-14', '1', '0967131121'),
		('231134031', N'Hoàng Văn Dũng', '2005-07-15', '1', '0349698135'),
		('241142664', N'Đỗ Duy Minh', '2006-09-13', '1', '0332994654'),
		('201433191', N'Hoàng Đức Nhân', '2002-04-20', '1', '0822902195'), //
		('222149169', N'Hoàng Trọng Tâm', '2003-11-14', '1', '0325629090'),
		('232315795', N'Vũ Xuân Hà', '2005-10-24', '1', '0852790517'),
		('221383603', N'Đắc Nhân Tâm', '2004-11-26', '1', '0366796100'), //
		('220777764', N'Đặng Quốc Khoa', '2004-03-27', '1', '0862975153'),
		('241296599', N'Linh Hứa Trung Hiếu', '2006-07-27', '1', '0353618131'),
		('212390929', N'Nguyễn Văn Mạnh', '2003-03-09', '1', '0373256826'), //
		('210558857', N'Vũ Thanh Oai', '2003-12-10', '1', '0859500153'), //
		('231529422', N'Trần Hải Đăng', '2005-03-08', '1', '0787795092'),
		('230333966', N'Nông Văn Dền', '2005-09-09', '1', '0393505792'),
		('212968963', N'Trần Thị Ngọc Xứng', '2003-10-03', '0', '0996225840'), //
		('213129180', N'Trần Minh Sang', '2003-12-17', '1', '0897878469'),
		('222610928', N'Trương Tấn Sang', '2004-09-12', '1', '0799184675'),
		('240275164', N'Nguyễn Minh Long', '2006-04-12', '1', '0352891674'),
		('211752552', N'Phạm Thái Công', '2003-06-16', '1', '0986261315'),
		('212126824', N'Vũ Mai Lan Nhi', '2003-01-07', '0', '0895212709'), //
		('234019553', N'Lại Văn Bắc', '2005-05-21', '1', '0929268864'),
		('231698227', N'Đặng Trang Anh', '2005-12-19', '0', '0794854606'), //
		('242173128', N'Phan Văn Đức', '2006-09-11', '1', '0883514546'), //
		('212928809', N'Phạm Trần Hữu Long', '2003-03-14', '1', '0761248155'), //
		('212379161', N'Vũ Thành Đô', '2003-03-25', '1', '0832479403'), //
		('220116929', N'Lục Hoàng Hà', '2004-03-18', '0', '0786561875'), //
		('203685873', N'Trần Quách Long', '2002-01-06', '1', '0587930331'),
		('232179251', N'Lê Thanh Xuân', '2005-05-24', '0', '0328214460'), //
		('220279247', N'Bùi Quang Hiển', '2004-11-27', '1', '0769032200'),
		('213973961', N'Vũ Xuân Nhật', '2003-09-19', '1', '0998076787'),
		('243911669', N'Đỗ Văn Quang', '2006-02-23', '1', '0761576175'), //
		('211452993', N'Hoàng Hữu Tài', '2003-03-02', '1', '0334698819'),
		('241382221', N'Hoàng Gia Phúc', '2006-01-13', '1', '0911557074'), //
		('224194115', N'Nguyễn Đức Anh', '2004-11-12', '1', '0795448727'),
		('211384171', N'Nguyễn Tấn Dũng', '2003-01-22', '1', '0815992142'), //
		('201440450', N'Lưu Tùng Khánh', '2002-04-19', '1', '0395966976'),
		('200920608', N'Doãn Chí Bình', '2002-06-27', '1', '0842856594'), //
		('242072876', N'Nguyễn Ngọc Tuấn', '2006-11-19', '1', '0799094441'), //
		('223522940', N'Nguyễn Chí Vịnh', '2004-01-18', '1', '0398236351'), //
		('243641030', N'Đỗ Kim Oanh', '2006-11-27', '0', '0969357069'), //
		('241526032', N'Nguyễn Thị Kim Lệ', '2006-01-19', '0', '0524776580'), //
		('200828032', N'Bùi Hữu Duyên', '2002-01-20', '1', '0388098911'), //
		('230575521', N'Trương Anh Ngọc', '2005-12-09', '1', '0381680343'),
		('222647680', N'Hồ Hoàng Long', '2004-11-23', '1', '0392895804'), //
		('240912738', N'Hoàng Thanh Khoa', '2006-04-27', '1', '0331890700'),
		('213326764', N'Bùi Minh Dũng', '2003-10-14', '1', '0926753378'), //
		('222666354', N'Đỗ Quốc Dũng', '2004-02-05', '1', '0887294154'), //
		('232810582', N'Bùi Đức Linh', '2005-12-03', '1', '0855758795'), //
		('231478951', N'Bùi Hải Anh', '2005-08-13', '1', '0831845828'),
		('220888001', N'Hoàng Lan Chi', '2004-08-21', '0', '0925468661'), //
		('203353546', N'Lê Ngọc Quế Anh', '2002-04-13', '0', '0784055495'), //
		('211328964', N'Lê Lợi Tức', '2003-12-08', '1', '0992761902'), //
		('243114792', N'Lê Minh An', '2006-01-27', '1', '0975759381'), //
		('200529587', N'Tập Cận Bình', '2002-02-15', '1', '0841751008'), //
		('231230791', N'Nguyễn Việt Hoàng', '2005-02-07', '1', '0388577967'),
		('222895641', N'Nguyễn Hải Ninh', '2004-12-02', '1', '0528416094'),
		('231230824', N'Nguyễn Thị Thùy Linh', '2005-11-03', '0', '0346293666'), //
		('231230834', N'Nguyễn Phạm Hoàng Mai', '2005-08-09', '0', '0365457362'), //
		('201078275', N'Nguyễn Chí Thanh', '2002-06-08', '1', '0891200294'),
		('201328183', N'Đoàn Bảo Hân', '2000-12-26', '0', '0327902799'), //
		('231230821', N'Lưu Tùng Lâm', '2005-07-31', '1', '0393826705'), //
		('231230766', N'Vũ Thị Thanh Hằng', '2005-12-21', '0', '0961688109'), //
		('231230904', N'Nguyễn Văn Tú', '2005-11-21', '1', '0399955675'),
		('243645302', N'Nguyễn Thị Kim Sao', '2006-01-12', '0', '0829773751'), //
		('242244894', N'Lại Trường Giang', '2006-01-15', '1', '0562758422'),
		('240135848', N'Lại Mạnh Dũng', '2006-05-13', '1', '0867931121'),
		('243940766', N'Hứa Quang Hán', '2006-04-02', '1', '0376054504'),
		('243681310', N'Nghiêm Vũ Hoàng Long', '2006-05-10', '1', '0844578848'),
		('223511979', N'Trương Tuấn Tú', '2004-02-15', '1', '0371614794'),
		('242611945', N'Đặng Tiến Hoàng', '2006-12-20', '1', '0529407691'),
		('202616657', N'Nguyễn Thị Mai', '2002-02-16', '0', '0795608183'), //
		('200555057', N'Nguyễn Thị Trà My', '2002-11-12', '0', '0853546153'), //
		('231541036', N'Hồ Gia Trang', '2005-11-10', '0', '0861940002'); //

		-- data sinh vien cua hoang
		('241553091', N'Nguyễn Thanh Thư', '2006-11-24', 0, '0911417750'),
		('232808309', N'Nguyễn Văn Giang', '2005-08-07', 1, '0388796617'),
		('211024925', N'Phạm Phương Trâm', '2003-07-23', 0, '0398797486'),
		('230310435', N'Trần Thành Tâm', '2005-09-18', 1, '0369895746'),
		('240230954', N'Nguyễn Ngọc Hân', '2006-10-03', 0, '0811266763'),
		('231295482', N'Đinh Quốc Huy', '2005-12-09', 1, '0362487844'),
		('230984355', N'Phạm Minh Anh', '2005-07-20', 0, '0943511572'),
		('222014843', N'Trương Thị Ngọc Bích', '2004-04-14', 0, '0365856433'),
		('240183105', N'Lê Duy Khánh', '2006-09-30', 1, '0383820282'),
		('221493902', N'Nguyễn Trọng Hoàng', '2004-10-26', 1, '0929229933'),
		('241239485', N'Ngô Minh Trí', '2006-12-17', 1, '0917728635'),
		('221904310', N'Hoàng Thị Kim Ngân', '2004-11-08', 0, '0394455347'),
		('240984120', N'Vũ Hồng Phúc', '2006-08-15', 1, '0968362155'),
		('232402920', N'Nguyễn Thị Mỹ Hạnh', '2005-10-25', 0, '0357136421'), //
		('221758493', N'Đỗ Tấn Lộc', '2004-06-19', 1, '0938563842'),
		('220943829', N'Lý Gia Hưng', '2004-01-30', 1, '0378291543'),
		('230208394', N'Nguyễn Phạm Mỹ Nhi', '2005-04-04', 0, '0974382435'),
		('240973384', N'Trần Hữu Phước', '2006-09-11', 1, '0364271836'),
		('210923018', N'Thái Thị Ngọc Châu', '2003-12-05', 0, '0947262822'),
		('230493029', N'Lê Quốc Bảo', '2005-05-06', 1, '0983562382'),
		('232840192', N'Phan Thị Hồng Vân', '2005-08-28', 0, '0969428562'),
		('240148293', N'Nguyễn Đức Toàn', '2006-03-19', 1, '0934263982'),
		('221938475', N'Trịnh Nhật Linh', '2004-11-11', 1, '0928627381'),
		('231203498', N'Đoàn Thị Thảo', '2005-11-23', 0, '0958261384'),
		('230491823', N'Phạm Tuấn Anh', '2005-05-03', 1, '0908384736'),
		('222084293', N'Lê Ngọc Ánh Tuyết', '2004-06-30', 0, '0911837543'),
		('240283754', N'Trần Quốc Khánh', '2006-05-05', 1, '0943827523'),
		('230948273', N'Nguyễn Thị Như Quỳnh', '2005-08-13', 0, '0937542842'),
		('220384192', N'Đinh Công Minh', '2004-02-24', 1, '0983456234'),
		('240182937', N'Trần Thị Mỹ Linh', '2006-09-01', 0, '0919283748'), //
		('222039481', N'Phạm Quốc Cường', '2004-07-14', 1, '0982374852'),
		('232894103', N'Lê Thị Thảo Nhi', '2005-09-02', 0, '0951263847'), //
		('230429384', N'Nguyễn Hoàng Vũ', '2005-04-11', 1, '0902837458'),
		('221982740', N'Trương Thị Yến', '2004-11-28', 0, '0961245789'),
		('240874829', N'Phan Đức Thịnh', '2006-07-06', 1, '0937452810'),
		('210948273', N'Tạ Thị Diễm My', '2003-09-20', 0, '0976241834'), //
		('231084395', N'Bùi Văn Khánh', '2005-10-10', 1, '0948571263'),
		('232873920', N'Ngô Thị Thu Hương', '2005-09-15', 0, '0928754382'),
		('240173840', N'Huỳnh Thanh Tùng', '2006-02-18', 1, '0918374652'),
		('222984153', N'Lê Thị Ngọc Hà', '2004-12-21', 0, '0951237654'), //
		('230928374', N'Nguyễn Thành Công', '2005-08-02', 1, '0909123485'),
		('231834750', N'Phạm Thị Mai Hoa', '2005-07-25', 0, '0948374621'),
		('240912384', N'Lê Minh Quân', '2006-09-11', 1, '0938472631'),
		('220321157', N'Nguyễn Thị Bảo Trân', '2004-03-29', 0, '0957362814'),
		('232930182', N'Đào Văn Hưng', '2005-09-19', 1, '0984723641'),
		('241294837', N'Lý Thị Kim Yến', '2006-12-02', 0, '0912387463'), //
		('230984375', N'Phan Quốc Đạt', '2005-07-22', 1, '0971283746'),
		('222739485', N'Trương Thị Thu Hà', '2004-08-18', 0, '0908471263'), //
		('240395347', N'Trần Gia Bảo', '2006-05-20', 1, '0982374651'),
		('231923847', N'Võ Thị Hồng Nhung', '2005-11-30', 0, '0918374658'),
		('220384957', N'Nguyễn Minh Nhật', '2004-01-11', 1, '0938472641'),
		('232093847', N'Tạ Thị Bích Ngọc', '2005-10-01', 0, '0951837642'),
		('241823746', N'Lê Văn Hùng', '2006-08-25', 1, '0902384761'),
		('231823764', N'Nguyễn Thị Thúy Hằng', '2005-11-05', 0, '0918374623'),
		('240192837', N'Đặng Hoàng Khang', '2006-01-17', 1, '0948372561'),
		('230984372', N'Phạm Thị Ngọc Diệp', '2005-07-07', 0, '0961283745'),
		('220394857', N'Ngô Minh Tuấn', '2004-03-21', 1, '0938471253'),
		('232739485', N'Trần Thị Như Mai', '2005-08-30', 0, '0902384712'), //
		('241384957', N'Lý Hoàng Phúc', '2006-12-12', 1, '0982374564'),
		('231948273', N'Phan Thị Kim Ngân', '2005-10-09', 0, '0928374653'),
		('231229047', N'Vũ Minh Khôi', '2005-03-23', 1, '0948372642'),
		('221948372', N'Nguyễn Thị Thanh Tuyền', '2004-11-13', 0, '0961827345'),
		('240239487', N'Lê Gia Huy', '2006-04-14', 1, '0951273648'),
		('230948273', N'Hoàng Thị Thảo', '2005-09-06', 0, '0912837461'),
		('221948273', N'Trần Minh Dũng', '2004-12-03', 1, '0902736482'),
		('240392847', N'Nguyễn Thị Kim Chi', '2006-06-17', 0, '0938472645'), //
		('231239847', N'Phạm Quốc Bảo', '2005-12-08', 1, '0971283745'),
		('230239847', N'Trịnh Thị Mai', '2005-04-12', 0, '0912837463'), //
		('222394857', N'Lê Trung Hiếu', '2004-09-27', 1, '0958374651'),
		('240948372', N'Nguyễn Ngọc Trâm', '2006-08-10', 0, '0948371624'),
		('230948372', N'Bùi Văn Nam', '2005-08-04', 1, '0902374861'),
		('232948273', N'Đinh Thị Hồng Nhung', '2005-09-28', 0, '0928374612'),
		('231048372', N'Lâm Quốc Hưng', '2005-10-20', 1, '0938472612'),
		('240293847', N'Tạ Thị Huyền', '2006-02-22', 0, '0961283742'),
		('222938472', N'Phạm Văn Lợi', '2004-12-30', 1, '0902374653'),
		('240949772', N'Lê Thị Thu', '2006-08-09', 0, '0912387462'),
		('230293847', N'Ngô Thành Đạt', '2005-03-15', 1, '0982374621'),
		('232938472', N'Nguyễn Thị Cẩm Tú', '2005-09-25', 0, '0951827346'),
		('231284937', N'Phan Văn Sơn', '2005-12-10', 1, '0901827364'),
		('240123987', N'Hoàng Thị Phương', '2006-03-28', 0, '0938472634'),
		('222384957', N'Trần Thanh Tùng', '2004-06-23', 1, '0948371263'),
		('230923847', N'Đặng Thị Kim Oanh', '2005-05-29', 0, '0951273641'),
		('231293847', N'Lê Thành Nhân', '2005-11-27', 1, '0918273645'),
		('240283947', N'Nguyễn Thị Hải Yến', '2006-05-11', 0, '0961287346'),
		('231983472', N'Phạm Minh Tuấn', '2005-12-03', 1, '0901283745'),
		('220384972', N'Nguyễn Thị Bích Thủy', '2004-02-10', 0, '0928371642'),
		('242088372', N'Lê Quang Huy', '2006-07-19', 1, '0948371234'),
		('230384957', N'Trịnh Thị Hồng', '2005-03-04', 0, '0958374623');

INSERT INTO tNhanVien (MaNV, HoTen, NgaySinh, GioiTinh, ChucVu)
VALUES  ('KT001', N'Phan Đức Bội', '1973-11-30', 1, N'Kế toán'),
		('KT002', N'Mai Đức Anh', '1980-09-10', 1, N'Kế toán'),
		('KT003', N'Trương Văn Long', '1981-10-25', 1, N'Kế toán'),
		('KT004', N'Trần Văn Bình', '1980-11-22', 1, N'Kế toán'),

		('NV001', N'Nguyễn Thị Hiền', '1998-07-20', 0, N'Nhân viên');
		('NV002', N'Trần Thị Mai', '1995-03-22', 0, N'Nhân viên'),
		('NV003', N'Đặng Thị Thảo', '1998-06-11', 0, N'Nhân viên'),
		('NV004', N'Phan Văn Đức', '1989-03-03', 1, N'Nhân viên'),
		('NV005', N'Hà Thị Minh', '1996-07-27', 0, N'Nhân viên'),
		('NV006', N'Phạm Văn Dũng', '1988-06-30', 1, N'Nhân viên'),
		('NV007', N'Hà Thị Lan', '1992-11-12', 0, N'Nhân viên'),
		('NV008', N'Đỗ Thị Trang', '1990-03-15', 0, N'Nhân viên'),
		('NV009', N'Đinh Văn Khoa', '1985-05-12', 1, N'Nhân viên'),
		('NV010', N'Hoàng Văn Tuấn', '1987-08-19', 1, N'Nhân viên'),
		
		('BV001', N'Ngô Quốc Huy', '1983-04-20', 1, N'Bảo vệ'),
		('BV002', N'Nguyễn Thị Linh', '1991-09-18', 0, N'Bảo vệ'),
		('BV003', N'Lê Thị Hồng', '1993-02-14', 0, N'Bảo vệ'),
		('BV004', N'Ngô Văn Quang', '1982-12-28', 1, N'Bảo vệ'),
		('BV005', N'Lý Thị Ngọc', '1997-05-23', 0, N'Bảo vệ');
		('BV006', N'Đinh Văn Tùng', '1981-02-26', 1, N'Bảo vệ');

INSERT INTO tHopDong (MaHD, MaNV, MaSV, MaPhong, NgayBatDau, NgayKetThuc)
VALUES  ('001', 'NV001', '212126824', 'A1P01', '2022-09-15', '2025-01-24'),
		('015', 'NV001', '200555057', 'A1P01', '2021-01-24', '2021-06-15'),
		('003', 'NV002', '243645302', 'A1P01', '2024-09-15', '2027-06-15'),
		('007', 'NV001', '241526032', 'A1P01', '2024-09-15', '2025-01-24'),
		
		('054', 'NV001', '202769839', 'A1P02', '2020-09-15', '2025-01-24'),
		('012', 'NV003', '241162019', 'A1P02', '2024-09-15', '2025-06-15'),
		('013', 'NV002', '243641030', 'A1P02', '2024-09-15', '2025-06-15'),
		('006', 'NV002', '203353546', 'A1P02', '2020-09-15', '2025-01-24'),

		('024', 'NV002', '241765996', 'A1P03', '2024-09-15', '2026-06-15'),
		('020', 'NV002', '200828032', 'A1P03', '2024-01-24', '2024-06-15'),
		('002', 'NV002', '201595197', 'A1P03', '2021-09-15', '2022-01-24'),
		('016', 'NV002', '220116929', 'A1P03', '2022-09-15', '2025-06-15'),

		('051', 'NV002', '231698227', 'A1P04', '2023-09-15', '2027-06-15'),
		('042', 'NV002', '220888001', 'A1P04', '2023-01-24', '2025-06-15'),
		('030', 'NV002', '201328183', 'A1P04', '2021-09-15', '2025-01-24'),
		('057', 'NV002', '231230834', 'A1P04', '2024-01-24', '2024-06-15'),

		('004', 'NV002', '200495873', 'A2P01', '2021-01-24', '2023-06-15'),
		('062', 'NV002', '231230766', 'A2P01', '2023-01-24', '2025-06-15'),
		('022', 'NV002', '231230824', 'A2P01', '2023-09-15', '2025-06-15'),
		
		('074', 'NV002', '240529329', 'A2P02', '2024-09-24', '2026-06-15'),
		('060', 'NV002', '241524808', 'A2P02', '2024-09-24', '2026-06-15'),

		('066', 'NV002', '231541036', 'A2P05', '2024-06-15', '2025-06-15'),
		('053', 'NV002', '240846478', 'A2P05', '2024-09-24', '2027-01-24'),

		('097', 'NV002', '240471125', 'A2P07', '2024-09-24', '2026-01-24'),
		('005', 'NV002', '200529587', 'A2P07', '2021-09-24', '2025-01-24'),
		('008', 'NV002', '211384171', 'A2P07', '2021-09-24', '2024-09-24'),
		('035', 'NV002', '210558857', 'A2P07', '2021-06-15', '2022-09-24'),
		('038', 'NV002', '201433191', 'A2P07', '2020-06-15', '2023-01-24'),
		('029', 'NV002', '212928809', 'A2P07', '2024-09-24', '2025-01-15'),
		('050', 'NV002', '222647680', 'A2P07', '2022-09-24', '2024-01-24'),
		('065', 'NV002', '213326764', 'A2P07', '2021-09-24', '2022-09-15'),

		('068', 'NV002', '231230821', 'A2P08', '2023-09-24', '2025-06-15'),
		('037', 'NV002', '212379161', 'A2P08', '2021-09-24', '2025-06-15'),
		('085', 'NV002', '241382221', 'A2P08', '2024-09-24', '2025-09-24'),

		('025', 'NV002', '211328964', 'A2P10', '2021-09-24', '2023-06-15'),
		('033', 'NV002', '223522940', 'A2P10', '2023-01-24', '2025-01-24'),
		('100', 'NV002', '242072876', 'A2P10', '2024-09-24', '2026-06-15'),
		('077', 'NV002', '212390929', 'A2P10', '2023-01-24', '2023-09-24'),

		('132', 'NV002', '240562749', 'A3P01', '2025-01-24', '2025-09-24'),
		('107', 'NV002', '202616657', 'A3P01', '2021-06-15', '2022-06-15'),
		('129', 'NV002', '212968963', 'A3P01', '2021-09-24', '2025-09-24'),
		('125', 'NV002', '201318197', 'A3P01', '2020-09-24', '2024-06-15'),
		('134', 'NV002', '210288220', 'A3P01', '2021-09-24', '2025-01-24'),
		('123', 'NV002', '210960204', 'A3P01', '2022-01-24', '2025-01-24'),

		('103', 'NV002', '240182937', 'A3P02', '2024-09-24', '2028-01-24'),
		('136', 'NV002', '210948273', 'A3P02', '2021-09-24', '2024-06-15'),
		('111', 'NV002', '222984153', 'A3P02', '2022-09-24', '2023-09-24'),
		('131', 'NV002', '232402920', 'A3P02', '2023-09-24', '2024-01-24'),

		('106', 'NV002', '230239847', 'A3P06', '2023-09-24', '2024-01-24'),
		('124', 'NV002', '222739485', 'A3P06', '2022-09-24', '2025-09-24'),
		('115', 'NV002', '232894103', 'A3P06', '2023-09-24', '2025-01-24'),
		('110', 'NV002', '232739485', 'A3P06', '2023-09-24', '2025-01-24'),
		('135', 'NV002', '240392847', 'A3P06', '2024-09-24', '2027-06-15'),
		('117', 'NV002', '241294837', 'A3P06', '2024-09-24', '2025-06-15'),

		('140', 'NV002', '230870261', 'A3P09', '2023-09-24', '2025-06-15'),
		('127', 'NV002', '222666354', 'A3P09', '2022-09-24', '2024-01-24'),
		('120', 'NV002', '243114792', 'A3P09', '2024-09-24', '2028-01-24'),
		('101', 'NV002', '243911669', 'A3P09', '2024-09-24', '2028-01-24'),
		('121', 'NV002', '221383603', 'A3P09', '2022-09-24', '2023-09-24'),
		('113', 'NV002', '213617746', 'A3P09', '2021-09-24', '2023-09-24'),

		('118', 'NV001', '232808309', 'A4P31', '2024-09-01', '2025-08-31'),
		('126', 'NV002', '230310435', 'A4P31', '2024-09-01', '2025-08-31'),
		('133', 'NV001', '231295482', 'A4P31', '2024-09-01', '2025-08-31'),
		('102', 'NV002', '240183105', 'A4P31', '2024-09-01', '2025-08-31'),

		('128', 'NV001', '221493902', 'A4P32', '2024-09-01', '2025-08-31'),
		('122', 'NV002', '241239485', 'A4P32', '2024-09-01', '2025-08-31'),
		('109', 'NV001', '240984120', 'A4P32', '2024-09-01', '2025-08-31'),
		('138', 'NV002', '221758493', 'A4P32', '2024-09-01', '2025-08-31'),

		('116', 'NV001', '220943829', 'A4P33', '2024-09-01', '2025-08-31'),
		('104', 'NV002', '232810582', 'A4P33', '2024-09-01', '2025-08-31'),
		('141', 'NV001', '230493029', 'A4P33', '2024-09-01', '2025-08-31'),
		('114', 'NV002', '240148293', 'A4P33', '2024-09-01', '2025-08-31'),

		('112', 'NV001', '221938475', 'A4P34', '2024-09-01', '2025-08-31'),
		('137', 'NV002', '230491823', 'A4P34', '2024-09-01', '2025-08-31'),
		('105', 'NV001', '240283754', 'A4P34', '2024-09-01', '2025-08-31'),
		('139', 'NV002', '220384192', 'A4P34', '2024-09-01', '2025-08-31'),

		('130', 'NV001', '222039481', 'A4P35', '2024-09-01', '2025-08-31'),
		('108', 'NV002', '230429384', 'A4P35', '2024-09-01', '2025-08-31'),
		('119', 'NV001', '240874829', 'A4P35', '2024-09-01', '2025-08-31'),
		('143', 'NV002', '231084395', 'A4P35', '2024-09-01', '2025-08-31'),

		('142', 'NV001', '240173840', 'A4P36', '2024-09-01', '2025-08-31'),
		('145', 'NV002', '230928374', 'A4P36', '2024-09-01', '2025-08-31'),
		('137', 'NV001', '240912384', 'A4P36', '2024-09-01', '2025-08-31'),
		('144', 'NV002', '232930182', 'A4P36', '2024-09-01', '2025-08-31'),

		('147', 'NV001', '230984375', 'A4P37', '2024-09-01', '2025-08-31'),
		('148', 'NV002', '242173128', 'A4P37', '2024-09-01', '2025-08-31'),
		('149', 'NV001', '220384957', 'A4P37', '2024-09-01', '2025-08-31'),
		('150', 'NV002', '241823746', 'A4P37', '2024-09-01', '2025-08-31'),

		('151', 'NV001', '240192837', 'A4P38', '2024-09-01', '2025-08-31'),
		('152', 'NV002', '220394857', 'A4P38', '2024-09-01', '2025-08-31'),
		('153', 'NV001', '241384957', 'A4P38', '2024-09-01', '2025-08-31'),
		('154', 'NV002', '200920608', 'A4P38', '2020-09-25', '2025-01-24');


		
INSERT INTO tPTTThuePhong (MaPT, MaNV, MaSV, NgayLapPhieu, TongTien, TrangThai)
VALUES 
		('001', )


INSERT INTO tPBTThuePhong (MaPB, MaHD, NgayLapPhieu, HanThanhToan, TongTien, TrangThai)
VALUES 
		('001', )

INSERT INTO tDienNuoc (MaCongTo, ThangGhiSo, MaPhong, ChiSoDau, ChiSoCuoi)
VALUES
    ('E001', NULL, 'A1P01', NULL, NULL),
    ('W001', NULL, 'A1P01', NULL, NULL),
    ('E002', NULL, 'A1P02', NULL, NULL),
    ('W002', NULL, 'A1P02', NULL, NULL),
    ('E003', NULL, 'A1P03', NULL, NULL),
    ('W003', NULL, 'A1P03', NULL, NULL),
    ('E004', NULL, 'A1P04', NULL, NULL),
    ('W004', NULL, 'A1P04', NULL, NULL),
    ('E005', NULL, 'A1P05', NULL, NULL),
    ('W005', NULL, 'A1P05', NULL, NULL),
    
    ('E006', NULL, 'A2P01', NULL, NULL),
    ('W006', NULL, 'A2P01', NULL, NULL),
    ('E007', NULL, 'A2P02', NULL, NULL),
    ('W007', NULL, 'A2P02', NULL, NULL),
    ('E008', NULL, 'A2P03', NULL, NULL),
    ('W008', NULL, 'A2P03', NULL, NULL),
    ('E009', NULL, 'A2P04', NULL, NULL),
    ('W009', NULL, 'A2P04', NULL, NULL),
    ('E010', NULL, 'A2P05', NULL, NULL),
    ('W010', NULL, 'A2P05', NULL, NULL),
    ('E011', NULL, 'A2P06', NULL, NULL),
    ('W011', NULL, 'A2P06', NULL, NULL),
    ('E012', NULL, 'A2P07', NULL, NULL),
    ('W012', NULL, 'A2P07', NULL, NULL),
    ('E013', NULL, 'A2P08', NULL, NULL),
    ('W013', NULL, 'A2P08', NULL, NULL),
    ('E014', NULL, 'A2P09', NULL, NULL),
    ('W014', NULL, 'A2P09', NULL, NULL),
    ('E015', NULL, 'A2P10', NULL, NULL),
    ('W015', NULL, 'A2P10', NULL, NULL),
    ('E016', NULL, 'A2P11', NULL, NULL),
    ('W016', NULL, 'A2P11', NULL, NULL),
    ('E017', NULL, 'A2P12', NULL, NULL),
    ('W017', NULL, 'A2P12', NULL, NULL),
    ('E018', NULL, 'A2P13', NULL, NULL),
    ('W018', NULL, 'A2P13', NULL, NULL),
    ('E019', NULL, 'A2P14', NULL, NULL),
    ('W019', NULL, 'A2P14', NULL, NULL),
    ('E020', NULL, 'A2P15', NULL, NULL),
    ('W020', NULL, 'A2P15', NULL, NULL),

    ('E021', NULL, 'A3P01', NULL, NULL),
    ('W021', NULL, 'A3P01', NULL, NULL),
    ('E022', NULL, 'A3P02', NULL, NULL),
    ('W022', NULL, 'A3P02', NULL, NULL),
    ('E023', NULL, 'A3P03', NULL, NULL),
    ('W023', NULL, 'A3P03', NULL, NULL),
    ('E024', NULL, 'A3P04', NULL, NULL),
    ('W024', NULL, 'A3P04', NULL, NULL),
    ('E025', NULL, 'A3P05', NULL, NULL),
    ('W025', NULL, 'A3P05', NULL, NULL),
    ('E026', NULL, 'A3P06', NULL, NULL),
    ('W026', NULL, 'A3P06', NULL, NULL),
    ('E027', NULL, 'A3P07', NULL, NULL),
    ('W027', NULL, 'A3P07', NULL, NULL),
    ('E028', NULL, 'A3P08', NULL, NULL),
    ('W028', NULL, 'A3P08', NULL, NULL),
    ('E029', NULL, 'A3P09', NULL, NULL),
    ('W029', NULL, 'A3P09', NULL, NULL),
    ('E030', NULL, 'A3P10', NULL, NULL),
    ('W030', NULL, 'A3P10', NULL, NULL),
    ('E031', NULL, 'A3P11', NULL, NULL),
    ('W031', NULL, 'A3P11', NULL, NULL),
    ('E032', NULL, 'A3P12', NULL, NULL),
    ('W032', NULL, 'A3P12', NULL, NULL),

    ('E033', NULL, 'A4P31', NULL, NULL),
    ('W033', NULL, 'A4P31', NULL, NULL),
    ('E034', NULL, 'A4P32', NULL, NULL),
    ('W034', NULL, 'A4P32', NULL, NULL),
    ('E035', NULL, 'A4P33', NULL, NULL),
    ('W035', NULL, 'A4P33', NULL, NULL),
    ('E036', NULL, 'A4P34', NULL, NULL),
    ('W036', NULL, 'A4P34', NULL, NULL),
    ('E037', NULL, 'A4P35', NULL, NULL),
    ('W037', NULL, 'A4P35', NULL, NULL),
    ('E038', NULL, 'A4P36', NULL, NULL),
    ('W038', NULL, 'A4P36', NULL, NULL),
    ('E039', NULL, 'A4P37', NULL, NULL),
    ('W039', NULL, 'A4P37', NULL, NULL),
    ('E040', NULL, 'A4P38', NULL, NULL),
    ('W040', NULL, 'A4P38', NULL, NULL);


INSERT INTO tPTTDienNuoc (MaPT, MaNV, MaPhong, NgayLapPhieu, HanThanhToan, TongTien, TrangThai)
VALUES 
		('001', '', '', '', '', '', ''),

INSERT INTO tPBTDienNuoc (MaPB, NgayLapPhieu, HanThanhToan, TongTien, TrangThai)
VALUES 
		('001', '', '', '', ''),

INSERT INTO tCTPBTDienNuoc (MaPB, MaCongTo, ThangGhiSo, ChiSo, DonGia, ThanhTien)
VALUES 
		('001', '', '', '', '', ''),

