-- Thêm dữ liệu vào tLoaiPhong ( Nữ - 0 | Nam - 1 )
INSERT INTO tLoaiPhong (MaLoaiPhong, TenLoaiPhong, Nam_Nu, SoNguoi)
VALUES  ('LP40', N'Phòng 4 người Nữ', 0, 4),
		('LP41', N'Phòng 4 người Nam', 1, 4),
		('LP60', N'Phòng 6 người Nữ', 0, 6),
		('LP61', N'Phòng 6 người Nam', 1, 6),
		('LP80', N'Phòng 8 người Nữ', 0, 8),
		('LP81', N'Phòng 8 người Nam', 1, 8),

-- Thêm dữ liệu vào tPhong
INSERT INTO tPhong (MaPhong, TenPhong, MaLoaiPhong)
VALUES  ('A1P01', N'P101', 'LP40'),
		('A1P02', N'P102', 'LP40'),
		('A1P03', N'P103', 'LP40'),
		('A1P04', N'P104', 'LP40'),
		('A1P05', N'P105', 'LP40'),

		('A2P01', N'P101', 'LP80'),
		('A2P02', N'P102', 'LP80'),
		('A2P03', N'P103', 'LP80'),
		('A2P04', N'P104', 'LP80'),
		('A2P05', N'P105', 'LP80'),
		('A2P06', N'P201', 'LP81'),
		('A2P07', N'P202', 'LP81'),
		('A2P08', N'P203', 'LP81'),
		('A2P09', N'P204', 'LP81'),
		('A2P10', N'P205', 'LP81'),
		('A2P11', N'P301', 'LP81'),
		('A2P12', N'P302', 'LP81'),
		('A2P13', N'P303', 'LP81'),
		('A2P14', N'P304', 'LP81'),
		('A2P15', N'P305', 'LP81'),

		('A3P01', N'P101', 'LP60'),
		('A3P02', N'P102', 'LP60'),
		('A3P03', N'P103', 'LP60'),
		('A3P04', N'P104', 'LP60'),
		('A3P05', N'P105', 'LP60'),
		('A3P06', N'P106', 'LP60'),
		('A3P07', N'P201', 'LP61'),
		('A3P08', N'P202', 'LP61'),
		('A3P09', N'P203', 'LP61'),
		('A3P10', N'P204', 'LP61'),
		('A3P11', N'P205', 'LP61'),
		('A3P12', N'P206', 'LP61'),

		('A4P31', N'P101', 'LP41'),
		('A4P32', N'P102', 'LP41'),
		('A4P33', N'P103', 'LP41'),
		('A4P34', N'P104', 'LP41'),
		('A4P35', N'P201', 'LP41'),
		('A4P36', N'P202', 'LP41'),
		('A4P37', N'P203', 'LP41'),
		('A4P38', N'P204', 'LP41'),

INSERT INTO tSinhVien (MaSV, HoTen, NgaySinh, GioiTinh, SDT)
VALUES  ('213617746', N'Hồ Ngọc Long', '2003-10-13', '1', '0821706513'),
		('200495873', N'Trần Ngọc Nhi', '2002-03-05', '0', '0842167369'),
		('210288220', N'Đặng Văn Nhi', '2003-01-10', '0', '0381124823'),
		('241524808', N'Trần Văn An', '2005-02-27', '0', '0391420880'),
		('231585864', N'Bùi Đức Nhân', '2005-01-21', '1', '0831809961'),
		('212691549', N'Trần Hữu Nguyên', '2003-04-04', '1', '0337711720'),
		('240562749', N'Phạm Thu Trang', '2006-01-11', '0', '0857148170'),
		('202769839', N'Phạm Gia Nhi', '2002-12-01', '0', '0896382225'),
		('201213357', N'Bùi Xuân An', '2003-12-12', '1', '0522714931'),
		('242893776', N'Bùi Thiện Nhân', '2006-08-13', '1', '0923882648'),
		('221310295', N'Bùi Đức Anh', '2004-08-25', '1', '0992785726'),
		('240529329', N'Vũ Thanh Hương', '2006-04-16', '0', '0704800351'),
		('231795929', N'Bùi Gia Nguyên', '2005-08-04', '1', '0915199712'),
		('222137041', N'Vũ Hữu Nam', '2004-04-01', '1', '0774384893'),
		('200668693', N'Trần Thủ Độ', '2002-10-09', '1', '0932133314'),
		('220657493', N'Đỗ Quốc Quân', '2004-03-06', '1', '0351359509'),
		('230870261', N'Vũ Bất Bình', '2005-11-18', '1', '0972936189'),
		('233212163', N'Hồ Đắc Di', '2005-05-13', '1', '0709110148'),
		('210960204', N'Đặng Thu Hà', '2003-04-10', '1', '0983848525'),
		('240471125', N'Đặng Đức Bình', '2006-01-18', '1', '0767742127'),
		('201595197', N'Lê Ngọc Linh', '2000-10-09', '0', '0982491054'),
		('201318197', N'Hồ Thanh Ân', '2002-10-15', '0', '0325080722'),
		('241765996', N'Giàng Thị Mai', '2006-07-20', '0', '0388643901'),
		('203581209', N'Tô Lâm', '2002-03-06', '1', '0331356271'),
		('203122436', N'Phạm Xuân Long', '2002-12-02', '1', '0864201306'),
		('202427521', N'Đỗ Xuân Hà', '2001-04-24', '1', '0796538687'),
		('242281241', N'Đặng Đức Tâm', '2006-06-06', '1', '0918411284'),
		('240846478', N'Nguyễn Hữu Duyên', '2006-09-01', '0', '0875306860'),
		('241162019', N'Vũ Kim Chi', '2006-07-20', '0', '0896828580'),
		('232978721', N'Phạm Thiên Sơn', '2005-02-14', '1', '0967131121'),
		('231134031', N'Hoàng Văn Dũng', '2005-07-15', '1', '0349698135'),
		('241142664', N'Đỗ Duy Minh', '2006-09-13', '1', '0332994654'),
		('201433191', N'Hoàng Đức Nhân', '2002-04-20', '1', '0822902195'),
		('222149169', N'Hoàng Trọng Tâm', '2003-11-14', '1', '0325629090'),
		('232315795', N'Vũ Xuân Hà', '2005-10-24', '1', '0852790517'),
		('221383603', N'Đắc Nhân Tâm', '2004-11-26', '1', '0366796100'),
		('220777764', N'Đặng Quốc Khoa', '2004-03-27', '1', '0862975153'),
		('241296599', N'Linh Hứa Trung Hiếu', '2006-07-27', '1', '0353618131'),
		('212390929', N'Nguyễn Văn Mạnh', '2003-03-09', '1', '0373256826'),
		('210558857', N'Vũ Thanh Oai', '2003-12-10', '1', '0859500153'),
		('231529422', N'Trần Hải Đăng', '2005-03-08', '1', '0787795092'),
		('230333966', N'Nông Văn Dền', '2005-09-09', '1', '0393505792'),
		('212968963', N'Trần Thị Ngọc Xứng', '2003-10-03', '0', '0996225840'),	
		('213129180', N'Trần Minh Sang', '2003-12-17', '1', '0897878469'),
		('222610928', N'Trương Tấn Sang', '2004-09-12', '1', '0799184675'),
		('240275164', N'Nguyễn Minh Long', '2006-04-12', '1', '0352891674'),
		('211752552', N'Phạm Thái Công', '2003-06-16', '1', '0986261315'),
		('212126824', N'Vũ Mai Lan Nhi', '2003-01-07', '0', '0895212709'),
		('234019553', N'Lại Văn Bắc', '2005-05-21', '1', '0929268864'),
		('231698227', N'Đặng Trang Anh', '2005-12-19', '0', '0794854606'),
		('242173128', N'Phan Văn Đức', '2006-09-11', '1', '0883514546'),
		('212928809', N'Phạm Như Long', '2003-03-14', '1', '0761248155'),
		('212379161', N'Vũ Thành Đô', '2003-03-25', '1', '0832479403'),
		('220116929', N'Lục Hoàng Hà', '2004-03-18', '0', '0786561875'),
		('203685873', N'Trần Quách Long', '2002-01-06', '1', '0587930331'),
		('232179251', N'Lê Thanh Xuân', '2005-05-24', '0', '0328214460'),
		('220279247', N'Bùi Quang Hiển', '2004-11-27', '1', '0769032200'),
		('213973961', N'Vũ Xuân Nhật', '2003-09-19', '1', '0998076787'),
		('243911669', N'Đỗ Văn Quang', '2006-02-23', '1', '0761576175'),
		('211452993', N'Hoàng Hữu Tài', '2003-03-02', '1', '0334698819'),
		('241382221', N'Hoàng Gia Phúc', '2006-01-13', '1', '0911557074'),
		('224194115', N'Nguyễn Đức Anh', '2004-11-12', '1', '0795448727'),
		('211384171', N'Nguyễn Tấn Dũng', '2003-01-22', '1', '0815992142'),
		('201440450', N'Lưu Tùng Khánh', '2002-04-19', '1', '0395966976'),
		('200920608', N'Doãn Chí Bình', '2002-06-27', '1', '0842856594'),
		('242072876', N'Nguyễn Ngọc Tuấn', '2006-11-19', '1', '0799094441'),
		('223522940', N'Nguyễn Chí Vịnh', '2004-01-18', '1', '0398236351'),
		('243641030', N'Đỗ Kim Oanh', '2006-11-27', '0', '0969357069'),
		('241526032', N'Nguyễn Thị Kim Lệ', '2006-01-19', '0', '0524776580'),
		('200828032', N'Bùi Hữu Duyên', '2002-01-20', '1', '0388098911'),
		('230575521', N'Trương Anh Ngọc', '2005-12-09', '1', '0381680343'),
		('222647680', N'Hồ Hoàng Long', '2004-11-23', '1', '0392895804'),
		('240912738', N'Hoàng Thanh Khoa', '2006-04-27', '1', '0331890700'),
		('213326764', N'Bùi Minh Dũng', '2003-10-14', '1', '0926753378'),
		('222666354', N'Đỗ Quốc Dũng', '2004-02-05', '1', '0887294154'),
		('232810582', N'Bùi Đức Linh', '2005-12-03', '1', '0855758795'),
		('231478951', N'Bùi Hải Anh', '2005-08-13', '1', '0831845828'),
		('220888001', N'Hoàng Lan Chi', '2004-08-21', '0', '0925468661'),
		('203353546', N'Lê Ngọc Quế Anh', '2002-04-13', '0', '0784055495'),
		('211328964', N'Lê Lợi Tức', '2003-12-08', '1', '0992761902'),
		('243114792', N'Lê Minh An', '2006-01-27', '1', '0975759381'),
		('200529587', N'Tập Cận Bình', '2002-02-15', '1', '0841751008'),
		('231230791', N'Nguyễn Việt Hoàng', '2005-02-07', '1', '0388577967'),
		('222895641', N'Nguyễn Hải Ninh', '2004-12-02', '1', '0528416094'),
		('231230824', N'Nguyễn Thị Thùy Linh', '2005-11-03', '0', '0346293666'),
		('231230834', N'Nguyễn Phạm Hoàng Mai', '2005-08-09', '0', '0365457362'),
		('201078275', N'Nguyễn Chí Thanh', '2002-06-08', '1', '0891200294'),
		('201328183', N'Đoàn Bảo Hân', '2000-12-26', '0', '0327902799'),
		('231230821', N'Lưu Tùng Lâm', '2005-07-31', '1', '0393826705'),
		('231230766', N'Vũ Thị Thanh Hằng', '2005-12-21', '0', '0961688109'),
		('231230904', N'Nguyễn Văn Tú', '2005-11-21', '1', '0399955675'),
		('243645302', N'Nguyễn Thị Kim Sao', '2006-01-12', '0', '0829773751'),
		('242244894', N'Lại Trường Giang', '2006-01-15', '1', '0562758422'),
		('240135848', N'Lại Mạnh Dũng', '2006-05-13', '1', '0867931121'),
		('243940766', N'Hứa Quang Hán', '2006-04-02', '1', '0376054504'),
		('243681310', N'Nghiêm Vũ Hoàng Long', '2006-05-10', '1', '0844578848'),
		('223511979', N'Trương Tuấn Tú', '2004-02-15', '1', '0371614794'),
		('242611945', N'Đặng Tiến Hoàng', '2006-12-20', '1', '0529407691'),
		('202616657', N'Nguyễn Thị Mai', '2002-02-16', '0', '0795608183'),
		('200555057', N'Nguyễn Thị Trà My', '2002-11-12', '0', '0853546153'),
		('231541036', N'Hồ Gia Trang', '2005-11-10', '0', '0861940002'),



INSERT INTO tNhanVien (MaNV, HoTen, NgaySinh, GioiTinh, ChucVu)
VALUES  ('NV002', N'Trần Thị Mai', '1995-03-22', 0, N'Trưởng ban quản lý'),
		('NV003', N'Phan Đức Bội', '1973-11-30', 1, N'Quản lý'),
		('NV005', N'Mai Đức Anh', '1980-09-10', 1, N'Phó ban quản lý'),
		('NV009', N'Ngô Quốc Huy', '1983-04-20', 1, N'Bảo vệ'),
		('NV010', N'Đặng Thị Thảo', '1998-06-11', 0, N'Nhân viên'),
		('NV011', N'Trương Văn Long', '1981-10-25', 1, N'Trưởng ban kế toán'),
		('NV013', N'Phan Văn Đức', '1989-03-03', 1, N'Nhân viên'),
		('NV014', N'Hà Thị Minh', '1996-07-27', 0, N'Nhân viên'),
		('NV015', N'Đinh Văn Khoa', '1985-05-12', 1, N'Phó ban bảo vệ'),
		('NV016', N'Nguyễn Thị Linh', '1991-09-18', 0, N'Bảo vệ'),
		('NV017', N'Trần Văn Bình', '1980-11-22', 1, N'Phó ban kế toán'),
		('NV018', N'Lê Thị Hồng', '1993-02-14', 0, N'Bảo vệ'),
		('NV019', N'Phạm Văn Dũng', '1988-06-30', 1, N'Nhân viên'),
		('NV021', N'Hoàng Văn Tuấn', '1987-08-19', 1, N'Bảo vệ'),
		('NV023', N'Ngô Văn Quang', '1982-12-28', 1, N'Bảo vệ'),
		('NV024', N'Đỗ Thị Trang', '1990-03-15', 0, N'Nhân viên'),
		('NV026', N'Lý Thị Ngọc', '1997-05-23', 0, N'Bảo vệ'),
		('NV028', N'Hà Thị Lan', '1992-11-12', 0, N'Nhân viên'),
		('NV029', N'Đinh Văn Tùng', '1981-02-26', 1, N'Trưởng ban bảo vệ'),
		('NV030', N'Nguyễn Thị Hiền', '1998-07-20', 0, N'Kế toán');